circuitID,qubits,psi0,0r,0i,1r,1i
51,1,0,0.85355339,0.35355339,0.14644661,-0.35355339
