circuitID,qubits,psi0,0r,0i,1r,1i
61,1,0,0.70710678,-0.0,0.70710678,-0.0
