circuitID,qubits,psi0,0r,0i,1r,1i,2r,2i,3r,3i,4r,4i,5r,5i,6r,6i,7r,7i
191,3,0,-0.29465061,-0.18699787,-0.06423147,-0.06611789,0.22624371,0.09637607,-0.01000168,0.03861364,-0.00078226,-0.01574797,-0.00978843,0.01834849,0.83839793,0.03222588,0.31832476,-0.04109274
